{
  "drive": {
    "p": 0.100645,
    "i": 0.000000,
    "d": 0,
    "f": 0,
    "iz": 0
  },
  "angle": {
    "p": 0.01,
    "i": 0.00001,
    "d": 0.00,
    "f": 0.00,
    "iz": 0
  }
}