{
  "drive": {
    "p": 0.0020645,
    "i": 0.000000,
    "d": 0,
    "f": 0,
    "iz": 0
  },
  "angle": {
    "p": 0.016,
    "i": 0.000000,
    "d": 0.002,
    "f": 0.00,
    "iz": 0
  }
} 